{
  "hinges": [
    [
      0.09837055388449886,
      0.8982010607719927,
      0.4284367964548845
    ],
    [
      -0.5534006613101281,
      0.19791362540229093,
      0.8090598895889194
    ],
    [
      -0.864216102230091,
      -0.49098270983212544,
      0.10984765492322468
    ],
    [
      -0.8276183211935589,
      0.4150291411246039,
      -0.37788718745431
    ],
    [
      -0.15399220430569635,
      0.9744023941712121,
      0.16378759185751104
    ],
    [
      0.6963838059465637,
      0.645189276471323,
      -0.3142934812270048
    ],
    [
      -0.06903357932912337,
      0.34735348114650544,
      -0.9351897797027158
    ],
    [
      -0.8391858366671944,
      -0.18787507173798243,
      -0.5103627033361949
    ],
    [
      -0.09837055388449886,
      -0.8982010607719927,
      -0.4284367964548845
    ]
  ],
  "n": 8,
  "metadata": {
    "oriented": "False",
    "n": 8
  },
  "cos_mean": 0.4699589259400625,
  "cos_std": 4.3885418357208765e-17,
  "tangents": [
    [
      0.6419049714147091,
      -0.3166848759523193,
      0.5165339339727919
    ],
    [
      0.41897476463464306,
      -0.6384128193733645,
      0.44275029823633116
    ],
    [
      0.13994609742981967,
      -0.41748812397906415,
      -0.7650211527009354
    ],
    [
      0.4361908037575952,
      0.1937452927804182,
      -0.7425220213380854
    ],
    [
      -0.41192231846552624,
      0.06566028061149848,
      -0.7779121666546087
    ],
    [
      -0.4942034825239172,
      0.6729478220406165,
      0.2864310643091742
    ],
    [
      -0.3529751086014442,
      0.7495658535550477,
      0.3044638103639814
    ],
    [
      -0.3779157276458793,
      -0.30933342968283306,
      0.7352762338113509
    ]
  ],
  "curve": [
    [
      0.0,
      0.0,
      0.0
    ],
    [
      0.6419049714147091,
      -0.3166848759523193,
      0.5165339339727919
    ],
    [
      1.0608797360493523,
      -0.9550976953256838,
      0.9592842322091231
    ],
    [
      1.200825833479172,
      -1.372585819304748,
      0.19426307950818766
    ],
    [
      1.6370166372367672,
      -1.1788405265243298,
      -0.5482589418298978
    ],
    [
      1.2250943187712409,
      -1.1131802459128313,
      -1.3261711084845065
    ],
    [
      0.7308908362473236,
      -0.44023242387221473,
      -1.0397400441753324
    ],
    [
      0.37791572764587944,
      0.30933342968283295,
      -0.735276233811351
    ],
    [
      1.6653345369377348e-16,
      -1.1102230246251565e-16,
      -1.1102230246251565e-16
    ]
  ]
}