{
  "hinges": [
    [
      -0.0512485176734837,
      0.1585402595105418,
      0.9860181482035127
    ],
    [
      0.8134013113788939,
      0.35332145739513765,
      0.46209502737536184
    ],
    [
      0.732366333759811,
      -0.6442539390996719,
      0.2204469889744248
    ],
    [
      -0.026233965312734267,
      -0.9047493943042333,
      -0.42511584892015747
    ],
    [
      0.44597422023709477,
      -0.11534637813710513,
      -0.8875846133964264
    ],
    [
      0.9667138382954155,
      0.2444862896930028,
      -0.07549562673983512
    ],
    [
      0.2930268871028591,
      0.8794775483876703,
      0.37501525270470826
    ],
    [
      -0.010868784455223485,
      0.7960374466674774,
      -0.6051649971092764
    ],
    [
      0.0512485176734837,
      -0.1585402595105418,
      -0.9860181482035127
    ]
  ],
  "n": 8,
  "metadata": {
    "n": 8,
    "oriented": false,
    "seed": 42,
    "torsion_energy": 39.89324056283735,
    "penalty": 2.685261174998272e-09,
    "objective": "bending"
  },
  "cos_mean": 0.4699605725936714,
  "cos_std": 1.873137557180381e-05,
  "penalties": {
    "unit_norm": 4.0421302852227146e-10,
    "closure": 5.556860868366035e-16,
    "constant_torsion": 2.2810475907899136e-09,
    "total": 2.685261174998272e-09
  },
  "tangents": [
    [
      -0.2751207035826992,
      0.825710139969401,
      -0.1470640559459606
    ],
    [
      0.3755951930477612,
      0.15911097112620753,
      -0.7827977393158414
    ],
    [
      0.4733318399913153,
      0.30555733703479365,
      -0.6795093323689342
    ],
    [
      0.7540060679025529,
      -0.2128755731925563,
      0.4065208985178126
    ],
    [
      0.22571041602752134,
      -0.824371225161803,
      0.22054152234689267
    ],
    [
      0.1580827964311988,
      -0.3846546828549469,
      0.7785620600884183
    ],
    [
      -0.8307552122521128,
      0.17325365533747336,
      0.24281922692091312
    ],
    [
      -0.8808503847521195,
      -0.04173062777149105,
      -0.039072599246197784
    ]
  ],
  "curve": [
    [
      0.0,
      0.0,
      0.0
    ],
    [
      -0.2751207035826992,
      0.825710139969401,
      -0.1470640559459606
    ],
    [
      0.10047448946506199,
      0.9848211110956085,
      -0.929861795261802
    ],
    [
      0.5738063294563773,
      1.2903784481304021,
      -1.609371127630736
    ],
    [
      1.3278123973589302,
      1.077502874937846,
      -1.2028502291129235
    ],
    [
      1.5535228133864516,
      0.25313164977604297,
      -0.9823087067660308
    ],
    [
      1.7116056098176504,
      -0.13152303307890395,
      -0.20374664667761244
    ],
    [
      0.8808503975655376,
      0.04173062225856941,
      0.03907258024330068
    ],
    [
      1.2813418104329344e-08,
      -5.512921640027368e-09,
      -1.900289710310421e-08
    ]
  ]
}